epoch,learning_rate,train_loss,train_accuracy,train_balanced_accuracy,train_precision,train_recall,train_f1,train_roc_auc,validation_loss,validation_accuracy,validation_balanced_accuracy,validation_precision,validation_recall,validation_f1,validation_roc_auc
1,4.000000000000001e-06,0.40680235707687096,0.8139464649033571,0.7062228787075695,0.8727667126799448,0.893902365130981,0.8832081100767304,0.7914305587475448,0.2604011953998135,0.9430163706025775,0.888207112585222,0.9471358150603434,0.9827160493827161,0.9645979399290228,0.9672980190172009
2,2.2000000000000003e-05,0.336692289063671,0.858087487283825,0.7449888766194959,0.8851000037952105,0.9419783504321836,0.9126538438961396,0.825373074333571,0.24055223346524685,0.9393242772553118,0.9047408460343784,0.9590458651232132,0.964373897707231,0.9617025018687069,0.9716179829833782
3,4e-05,0.33033810427842525,0.8588504577822991,0.7455990411173068,0.8853155339805825,0.9428109854604201,0.9131591300265999,0.8217251429131852,0.24745191756398452,0.9353535353535354,0.9079496696412119,0.9626733025239957,0.9552028218694886,0.9589235127478754,0.9689900877739462
4,3.99316898601334e-05,0.31992181115390567,0.8644932604272635,0.7560867554408217,0.8897404202719407,0.9449246677707315,0.9165026102116574,0.8292889774109645,0.27144589114691564,0.9214907697666318,0.9051409618573798,0.9661341853035144,0.9333333333333333,0.9494505494505495,0.9612666824607123
5,3.972722606805445e-05,0.3137414358245514,0.870151958290946,0.7659030353508687,0.8938724182608033,0.947508735079676,0.9199094091002676,0.8397848172026194,0.258039848248496,0.931173807035876,0.909687014662139,0.9654676258992806,0.9467372134038801,0.9560106856634015,0.9678981927517031
6,3.9388005318786606e-05,0.31126539681262183,0.8667821719226857,0.7626375460896717,0.89288306528632,0.9440012924332074,0.9177309002385323,0.8361069138061183,0.2576567476881958,0.9361894810170672,0.9050698886519782,0.9604240282685512,0.9587301587301588,0.9595763459841129,0.9667603195076937
7,3.891634483401269e-05,0.312070201184233,0.8666073245167853,0.7622268838034028,0.8926955027212833,0.9440012924332074,0.9176318165757136,0.8397196470952528,0.29221142971818764,0.9123650296064089,0.8994866935165442,0.965810386250231,0.9216931216931217,0.9432361700207562,0.963917040312839
8,3.831546653310115e-05,0.3080549181674892,0.8664801627670397,0.7639909118000303,0.8936463559419402,0.9425213071050612,0.9174333569238028,0.8394650488492286,0.2832366118776553,0.9158481365377917,0.9019347705914871,0.9661391240338609,0.9259259259259259,0.9456051873198847,0.9622785543183553
9,3.758947502412978e-05,0.3066967488176522,0.8701201678535097,0.76914492994488,0.895716090501895,0.9450087848617647,0.9197024341827259,0.8426474110945704,0.2842212329536562,0.9122257053291536,0.8976940693358604,0.9646017699115044,0.9227513227513228,0.9432125473228772,0.9629782305404195
